text,author,image_path,likes,replies,views,url
"Stijn Noorman
@stijnnoorman
Â·
2h
Stop writing for the algorithm.

Start writing for real people.
75
7
138
3.5K",stijnnoorman,,138,75,0,https://twitter.com/stijnnoorman/status/1949711569723527326
"Build in Public
Soham
@soham_nayak04
Â·
3h
Solve a problem you face first, if others have the same issue, offer them your solution for a price.
21
2
37
1.2K",,,37,21,0,https://twitter.com/soham_nayak04/status/1949700889624576058
"Build in Public
$Anasify
@theanasify
Â·
22h
will AI wave go away in future?
98
5
96
7.7K",,,96,98,0,https://twitter.com/theofficialriti/status/1949528706537660425
"Build in Public
Sidessh
@SidesshMore
Â·
2h
Do you prefer solo building or a co-founder?
78
2
67
5.3K",,,67,78,0,https://twitter.com/SidesshMore/status/1949726118874915039,2025-07-28T14:40:58.679251
"Build in Public
Cooper
@coopmacg
Â·
13h
how do you validate an idea without a product?
95
4
93
7K",,,93,95,0,https://twitter.com/coopmacg/status/1949559007489781967,2025-07-28T14:42:22.987537
"Brian
@BreakTheKnown
Â·
1h
Resilience isnâ€™t about being unbreakable.

Itâ€™s about rebuilding every time life tries to tear you down.
25
1
33
229",BreakTheKnown,,33,25,0,https://twitter.com/BreakTheKnown/status/1949743033693405496,2025-07-28T14:43:44.538392
"Can Vardar
@icanvardar
Â·
15h
pronounce SQL
57
3
37
2.4K",icanvardar,,37,57,0,https://twitter.com/icanvardar/status/1949529877524463712,2025-07-28T14:48:03.091893
"Build in Public
Ky-Nam
@withkynam
Â·
7h
itâ€™s Monday. i used to get scared bc i have to go to the office

but now that iâ€™m indie building, iâ€™m super glad because itâ€™s a new week for me build for my audience

thanks God itâ€™s Monday!
10
28
543",,,28,10,0,https://twitter.com/withkynam/status/1949650317953364282,2025-07-28T14:52:07.824661
"Raj Shamani
@rajshamani
Â·
2h
Winners arenâ€™t more talented. Theyâ€™re just better at doing boring things repeatedly without quitting.
74
88
769
14K",rajshamani,,769,74,0,https://twitter.com/rajshamani/status/1949715813952582075,2025-07-28T14:56:19.296989
"Build in Public
Dan.
@TeeDevh
Â·
19h
I canâ€™t build in public.
Iâ€™m scared someone will see my idea and build it faster than me.
377
52
919
128K",,,919,377,0,https://twitter.com/TeeDevh/status/1949470011174822125,2025-07-28T15:02:16.549122
"Build in Public
Tushar (leadlee.co)
@TusharKapil003
Â·
4h
Any tips for marketing on X?
31
2
40
2.4K",,,40,31,0,https://twitter.com/TusharKapil003/status/1949692806790054369,2025-07-28T15:04:48.587809
"Build in Public
rusa
@rusabuilds
Â·
2h
you know that feeling when nothing's clicking? 

what do you do to reset?
18
2
21
718",,,21,18,0,https://twitter.com/rusabuilds/status/1949729373663408153,2025-07-28T15:05:31.590193
"Build in Public
Golem | UI Designer
@DesignsByGolem
Â·
Jul 26
If AI stopped today, could you still ship?
142
6
145
15K",,,145,142,0,https://twitter.com/DesignsByGolem/status/1949057361194156515,2025-07-28T15:08:16.482267
"Build in Public
Hwan ChinYang
@HwanChinYang
Â·
17h
This is all we need to build a saas ? right ?
62
12
120
7.8K",,,120,62,0,https://twitter.com/HwanChinYang/status/1949504018583371931,2025-07-28T15:10:55.558447
"Build in Public
Golem | UI Designer
@DesignsByGolem
Â·
Jul 27
Do you think having a strong network makes a big difference?
134
11
174
15K",,,174,134,0,https://twitter.com/DesignsByGolem/status/1949345614463893969,2025-07-28T15:12:08.830238
"Build in Public
Naeem
@anaeem152
Â·
Jul 27
Who else is working on Sunday?
165
20
651
35K",,,651,165,0,https://twitter.com/anaeem152/status/1949395343386255780,2025-07-28T15:14:43.240459
"Build in Public
Dmytro Katyukha
@D1mKat
Â·
Jul 27
How do you know when your idea is actually worth building?
191
8
199
25K",,,199,191,0,https://twitter.com/D1mKat/status/1949406912941797558,2025-07-28T15:20:39.977741
"Zephyra Leigh
@ZephyraLeigh
Â·
2h
Your comfort zone is a beautiful prison.
32
35
237",ZephyraLeigh,,35,32,0,https://twitter.com/ZephyraLeigh/status/1949730538094232044,2025-07-28T15:23:34.527576
"Daniel Lockyer
@DanielLockyer
Â·
19h
confession: i have never done any leetcode exercises
50
19
220
28K",DanielLockyer,,220,50,0,https://twitter.com/DanielLockyer/status/1949477818590757183,2025-07-28T15:31:30.877089
"Daniel Lockyer
@DanielLockyer
Â·
19h
confession: i have never done any leetcode exercises
50
19
222
28K",DanielLockyer,,855,73,0,https://twitter.com/Aptos/status/1947446618154021137/analytics,2025-07-28T15:33:50.522515
"void.
@2xBuild
Â·
6h
Every tweet i post is a banger, it just donâ€™t reach the right audience.
24
8
127
2.7K",2xBuild,,127,24,0,https://twitter.com/2xBuild/status/1949668781682201050,2025-07-28T15:35:16.080768
"hayden
@haydendevs
Â·
11h
nearly 15k posts and not a single bad one, incredible
26
95
2.4K",haydendevs,,95,26,0,https://twitter.com/haydendevs/status/1949598096385527892,2025-07-28T15:37:33.338694
"Haider.
@slow_developer
Â·
4h
now i want to lose my job to AI... 
13
13
128
5.7K",slow_developer,,128,13,0,https://twitter.com/slow_developer/status/1949700092208075241,2025-07-28T15:38:52.104537
"Riya Dev
@ceoRiya
Â·
17h
we ship at different levels.
37
130
4.8K",ceoRiya,,130,37,0,https://twitter.com/ceoRiya/status/1949508291396026612,2025-07-28T15:39:37.464047
"Tibor
@ItsTibor
Â·
2h
Count your failures.

Collect as many as you can.

Donâ€™t see it as negative.

See it as a game.
27
1
32
254",ItsTibor,,66,17,0,https://twitter.com/jordwalke/status/1949645344452829220,2025-07-28T15:41:55.184778
"Tibor
@ItsTibor
Â·
2h
Count your failures.

Collect as many as you can.

Donâ€™t see it as negative.

See it as a game.
27
1
32
254",ItsTibor,,32,27,0,https://twitter.com/ItsTibor/status/1949741619965837532,2025-07-28T15:43:09.870615
"Tibor
@ItsTibor
Â·
2h
Count your failures.

Collect as many as you can.

Donâ€™t see it as negative.

See it as a game.
28
1
33
286",ItsTibor,,31,19,0,https://twitter.com/sumandeyco/status/1949452112863039885,2025-07-28T15:45:24.419481
"Startup Community
Suman
@sumandeyco
Â·
21h
Startups donâ€™t fail because of bad ideas. They fail because the founder disappears when it gets hard.
19
3
32
2K",,,0,17,0,https://twitter.com/jordwalke/status/1949645344452829220,2025-07-28T15:48:14.331519
"Pranjali Awasthi
@raidingAI
Â·
2h
we're too Gen Z to succeed in B2B SaaS 
10
33
1.3K",raidingAI,,33,10,0,https://twitter.com/raidingAI/status/1949736805517144192,2025-07-28T15:49:28.932679
"Haider.
@slow_developer
Â·
13h
is it even possible for an AI system to develop consciousness at some point?

we may set boundaries,

but what if AI could potentially surpass them
111
17
135
12K",slow_developer,,135,111,0,https://twitter.com/slow_developer/status/1949579296369999927,2025-07-28T15:55:30.176997
"Haider.
@slow_developer
Â·
13h
is it even possible for an AI system to develop consciousness at some point?

we may set boundaries,

but what if AI could potentially surpass them
111
17
136
12K",slow_developer,,364,61,0,https://twitter.com/0xIlyy/status/1949595315759145250,2025-07-28T15:58:12.265061
"Abhinav
@Abhinavstwt
Â·
6h
what's stopping you from coding like him?
21
1
59
2.6K",Abhinavstwt,,59,21,0,https://twitter.com/Abhinavstwt/status/1949681721340780874,2025-07-28T15:59:03.125018
"Kion
@WagieWeeb
Â·
15h
What's the most messed up thing you've seen online?
69
5
73
6.6K",WagieWeeb,,73,69,0,https://twitter.com/WagieWeeb/status/1949537899810099378,2025-07-28T16:00:39.726586
"Jay Yang
@Jayyanginspires
Â·
8h
Successful people are consistent. Those that aren't, don't last long.
41
8
141
3.9K",Jayyanginspires,,141,41,0,https://twitter.com/Jayyanginspires/status/1949646239630561786,2025-07-28T16:04:44.748503
"Kevin Szabo
@KevinSzabo14
Â·
9h
â€œQuiet peopleâ€ are actually talkative around the right people. Why is that?
217
37
453
19K",KevinSzabo14,,453,217,0,https://twitter.com/KevinSzabo14/status/1949639942327431172,2025-07-28T16:08:31.998432
"Shefali
@Shefali__J
Â·
6h
Difficult doesnâ€™t mean impossible.

Good morning, everyone
15
1
32
813",Shefali__J,,32,15,0,https://twitter.com/Shefali__J/status/1949675138644918550,2025-07-28T16:09:16.117173
"Bindu Reddy
@bindureddy
Â·
8h
My advice to my nephew who is in high school 

- learn to vibe code 
- use deep research to deep dive into topics 
- try different LLMs and models and understand how they are different 
- mind meld with AI to solve problems 

You will be one of the super heroes of tomorrow
73
40
422
22K",bindureddy,,422,73,0,https://twitter.com/bindureddy/status/1949648741650022687,2025-07-28T16:12:40.343323
"Shefali
@Shefali__J
Â·
6h
Difficult doesnâ€™t mean impossible.

Good morning, everyone
15
1
36
899",Shefali__J,,58,14,0,https://twitter.com/ManOfFocus_/status/1949745065490108859,2025-07-28T16:15:08.329359
"Machine Learning
Saranya
@sarrranyaa
Â·
Jul 26
I feel likeâ€¦ VS Code >>> Jupyter Notebook 
Anyone else or just me??
42
18
266
23K",,,266,42,0,https://twitter.com/sarrranyaa/status/1949109420522430583,2025-07-28T16:17:59.627081
"@Urstrulysai
@BrahmaSai77
Â·
23h
Born To Play The Character ? Iâ€™ll start :
974
633
10K
783K",BrahmaSai77,,0,974,0,https://twitter.com/BrahmaSai77/status/1949427373834711422,2025-07-28T16:21:55.021399
"Sumit
@isumitallup
Â·
23h
If you feel guilty for resting on Sunday:

Congrats!

Youâ€™ve been brainwashed by hustle bros.

Somewhere along the way...

You confused exhaustion with excellence.

Rest isnâ€™t lazy. 
Rest is sharpening the blade.

See you Monday. 
Sharper than ever.
27
1
40
555",isumitallup,,40,27,0,https://twitter.com/isumitallup/status/1949427234336379381,2025-07-28T16:23:45.770665
"Build That Idea
@buildthatidea
Â·
5h
drop your website below, and iâ€™ll give you one growth tip to help you get more users.
64
1
82
4.9K",buildthatidea,,82,64,0,https://twitter.com/buildthatidea/status/1949700733764264401,2025-07-28T16:24:24.961139
"Oliver
@Oliver_Clingain
Â·
7h
I used to say yes to every opportunity.

Then I realized -

Saying yes to the wrong things DRAINS my energy and focus.

Saying no is scary, but necessary.

Since then?

My business (and sanity) have both improved.

Protect your time like itâ€™s gold.

Because tbh it's worth way
Show more
28
1
34
390",Oliver_Clingain,,34,28,0,https://twitter.com/Oliver_Clingain/status/1949675430232916193,2025-07-28T16:26:34.960447
"Build in Public
Ky-Nam
@withkynam
Â·
3h
my first internet money just got paid to my bank

i have been coding for 4 years, building apps for 2 

every single one of them failed

my girl left me, almost got kicked out of uni, 0$ in savings

2 months ago, i decided to try again

connecting with builders, screaming abt my
Show more
16
1
32
521",,,32,16,0,https://twitter.com/withkynam/status/1949735179293012081,2025-07-28T16:27:41.150967
"Haider.
@slow_developer
Â·
21h
AI isn't hype

it's a revolution bigger than any before.

the pace will keep accelerating,

and could lead to war, AI dominance, or breakthroughs like advanced space and sci-fi-level tech

but there's no pause button; this won't slow down
41
19
164
9.1K",slow_developer,,164,41,0,https://twitter.com/slow_developer/status/1949459759339315291,2025-07-28T16:32:40.209090
"Shreya.tsx
@Life_of_coder
Â·
6h
Why Mac user never switch back to windows ???
19
35
2.7K",Life_of_coder,,35,19,0,https://twitter.com/Life_of_coder/status/1949688507523387876,2025-07-28T16:35:46.075969
"Linuxopsys
@linuxopsys
Â·
18h
People who feel superior:  
- Linux users  
- VIM users 
- Dark theme users 
- Mac users
285
168
1.8K
83K",linuxopsys,,0,285,0,https://twitter.com/linuxopsys/status/1949509521136619620,2025-07-28T16:36:37.017838
"Stijn Noorman
@stijnnoorman
Â·
3h
Imagine you're a doctor.

And your business is your patient.

It comes to you with some complaints:

â€¢ Low engagement
â€¢ Low audience growth
â€¢ Low-quality leads
â€¢ Low email opens
â€¢ Low sales

These are his symptoms.

They cause pain.

But they're not the root problem.

As the
Show more
28
3
47
1.3K",stijnnoorman,,47,28,0,https://twitter.com/stijnnoorman/status/1949734223893479579,2025-07-28T16:37:26.405826
"serial
@serialdotai
Â·
18h
I don't trust accounts without anime pfp
77
8
165
6.4K",heyseb_,,47,21,0,https://twitter.com/heyseb_/status/1949598173116407914,2025-07-28T16:42:40.220127
"Peter H. Diamandis, MD
@PeterDiamandis
Â·
19h
AI is so much bigger than the internet...
221
168
1.4K
83K",PeterDiamandis,,0,28,0,https://twitter.com/stijnnoorman/status/1949734223893479579,2025-07-28T16:45:32.158307
"Bindu Reddy
@bindureddy
Â·
19h
While the hype about GPT-5 is going out of control, Deepseek has been abnormally quiet 

They have a lot of training data and R2 is bound to be very good 

It will make open source competitive with GPT-5
25
12
151
10K",bindureddy,,151,25,0,https://twitter.com/bindureddy/status/1949489093941088482,2025-07-28T16:47:52.978055
"Philosophy Of Life
@PhilOfLife_
Â·
48m
my favorite person turned into a lesson.
11
10
102
4.8K",PhilOfLife_,,165,77,0,https://twitter.com/serialdotai/status/1949503453513781501,2025-07-28T16:50:24.892957
"Peter H. Diamandis, MD
@PeterDiamandis
Â·
19h
AI is so much bigger than the internet...
223
172
1.4K
84K",PeterDiamandis,,0,223,0,https://twitter.com/PeterDiamandis/status/1949495539004797373,2025-07-28T16:53:43.848521
"Maham Khan
@Tehreem68829672
Â·
19h
What qualities do you want in your life partner?
143
28
122
9.1K",Tehreem68829672,,122,143,0,https://twitter.com/Tehreem68829672/status/1949500506591940743,2025-07-28T17:02:52.262543
"Santiago
@svpino
Â·
18h
Stop the nonsense.

Don't build an AI Agent unless there's no other alternative.

For most applications, you'll be better off:

1. With a simple rule-based system
2. Upgrade to static models when complexity increases
3. Implement simple, well-prompted LLM calls
4. Build an
Show more
74
92
813
74K",svpino,,813,74,0,https://twitter.com/svpino/status/1949510209296298333,2025-07-28T17:05:07.947036
"Sahil Lavingia
@shl
Â·
22h
The best founders are in their 20s and 50s
170
62
1.1K
77K",shl,,0,170,0,https://twitter.com/shl/status/1949447975337386343,2025-07-28T17:13:46.734432
"Peter H. Diamandis, MD
@PeterDiamandis
Â·
20h
AI is so much bigger than the internet...
225
173
1.4K
84K",PeterDiamandis,,91,19,0,https://twitter.com/dannypostmaa/status/1949755657185554702,2025-07-28T17:16:23.693267
"keshav
@kshvbgde
Â·
21h
The society if TailwindCSS didnâ€™t exist:
5
3
69
5.4K",kshvbgde,,72,28,0,https://twitter.com/rand_longevity/status/1949662343815905685,2025-07-28T17:39:09.451690
"Rob Hallam
@robj3d3
Â·
5h
I just realized something insane 

Now that I've built the best AI writing engine on the market

I can conquer any platform, not just X

Get your popcorn ready 
19
46
2.6K",robj3d3,,46,19,0,https://twitter.com/robj3d3/status/1949719178505809928,2025-07-28T17:44:30.839216
"VraserX e/acc
@VraserX
Â·
Jul 27
GPT-5 will be released on Thursday, the 31st of July.
110
149
1.4K
155K",VraserX,,0,110,0,https://twitter.com/VraserX/status/1949344804036350014,2025-07-28T17:47:39.587179
"Catalin
@catalinmpit
Â·
22h
AI capabilities

Frontend: decent to good
Backend: okish
DevOps: inexistent
33
8
103
7.7K",catalinmpit,,103,33,0,https://twitter.com/catalinmpit/status/1949457702897471576,2025-07-28T17:55:40.606678
"Klaas
@forgebitz
Â·
17h
the problem with vibe coding is that sometimes you get an amazing result 

like perfect code, everything as it should be 

the next time it tries to reset your database
60
11
161
8.9K",forgebitz,,161,60,0,https://twitter.com/forgebitz/status/1949546359519932655,2025-07-28T18:07:50.489256
"Build in Public
Israel
@IFirew91900
Â·
33m
In X you post or tweet?
18
1
13
836",,,13,18,0,https://twitter.com/IFirew91900/status/1949803970941075754,2025-07-28T18:12:30.771689
"Haider.
@slow_developer
Â·
2h
most people think AGI means many human-level systems

but once AI can improve itself, it quickly becomes superhuman

we don't know what that would look like

it's like creating a super-smart system that may see things very differently from us
26
14
79
3.9K",slow_developer,,79,26,0,https://twitter.com/slow_developer/status/1949780093624299886,2025-07-28T18:14:59.274189
"Divya
@MasalaMoodz
Â·
3h
Define your life in one word?
48
9
115
2.4K",MasalaMoodz,,115,48,0,https://twitter.com/MasalaMoodz/status/1949760226493641189,2025-07-28T18:18:28.647894
"Philosophy Of Life
@PhilOfLife_
Â·
20h
Can a true love change you?
48
38
187
16K",PhilOfLife_,,187,48,0,https://twitter.com/PhilOfLife_/status/1949507574824607811,2025-07-28T18:21:48.113736
"Mind Haste 
@MindHaste
Â·
5h
What is your favorite book?
18
4
33
5.1K",MindHaste,,33,18,0,https://twitter.com/MindHaste/status/1949734065860727033,2025-07-28T18:26:23.036185
"atulit
@atulit_gaur
Â·
37m
Career update:

Started an internship as an AI research engineer, gonna be working on some really interesting stuff over the course of the next 3 months !!
21
64
1.2K",atulit_gaur,,64,21,0,https://twitter.com/atulit_gaur/status/1949806566066045148,2025-07-28T18:29:13.592090
"Dakota Robertson
@WrongsToWrite
Â·
47m
Writing tip:

You really don't need to use the word ""really"" in your writing.
33
45
1.7K",WrongsToWrite,,45,33,0,https://twitter.com/WrongsToWrite/status/1949804792995254479,2025-07-28T18:29:59.633611
"Build in Public
Ale
@FalcoAleDev
Â·
2h
How to build LinkedIn in a better way?
13
14
665",,,14,13,0,https://twitter.com/FalcoAleDev/status/1949787028905767390,2025-07-28T18:33:17.438131
"Build in Public
Phillip | Academize 
@PhillyJSmith
Â·
15h
Youâ€™ll second-guess everything:
The niche.
The product.
Even your ability to pull it off.

Not because youâ€™re wrong,
but because no oneâ€™s validating you yet.

you shouldnâ€™t need applause to keep going
22
5
51
1.5K",,,51,22,0,https://twitter.com/PhillyJSmith/status/1949580564706771085,2025-07-28T18:36:32.478478
"Build in Public
Tushar (leadlee.co)
@TusharKapil003
Â·
8h
Tea or Coffee, what keeps you sane?
54
3
44
3.2K",,,44,54,0,https://twitter.com/TusharKapil003/status/1949686738802364768,2025-07-28T18:38:59.537362
"â€Wojak Codes
@wojakcodes
Â·
2h
does X have a QA team? I highly doubt it
23
3
57
3.5K",wojakcodes,,57,23,0,https://twitter.com/wojakcodes/status/1949780301594706426,2025-07-28T18:42:03.826945
"Build in Public
Soham
@soham_nayak04
Â·
16h
It's 2 am, ordered some food and I'm still locked in! Are you locked in right now?
32
1
44
3.5K",,,44,32,0,https://twitter.com/soham_nayak04/status/1949567776206573804,2025-07-28T18:44:28.515259
"â€Wojak Codes
@wojakcodes
Â·
17h
I donâ€™t like tech bros whose whole personality revolves around tech buzz words.
11
2
106
3.4K",wojakcodes,,106,11,0,https://twitter.com/wojakcodes/status/1949549536189579744,2025-07-28T18:46:54.364113
"Siddharth
@SiddharthS0702
Â·
2h
I didn't start my personal brand to be famous.

I just thought:

I want to control my life and my income.

And I achieved that. All I needed?

A laptop and wifi. 

If I can, so can you.
33
2
46
806",SiddharthS0702,,46,33,0,https://twitter.com/SiddharthS0702/status/1949779367065977296,2025-07-28T18:49:23.847668
"jack friks
@jackfriks
Â·
1h
iâ€™m such a noob holy shit hahahaha
23
2
47
4K",jackfriks,,47,23,0,https://twitter.com/jackfriks/status/1949806376152154317,2025-07-28T18:51:57.351380
"Joshua
@CreeCoder
Â·
1h
Do you like the new algorithm ???
32
37
1.3K",CreeCoder,,37,32,0,https://twitter.com/CreeCoder/status/1949803192704778381,2025-07-28T18:52:48.778139
"Leila Hormozi
@LeilaHormozi
Â·
7m
Your biggest enemy isnâ€™t your competition. Itâ€™s the distractions and excuses you refuse to let go of.
33
9
92
1.3K",LeilaHormozi,,98,33,0,https://twitter.com/LeilaHormozi/status/1949820944211493063,2025-07-28T18:54:17.585996
"Build in Public
Brex
@ImpactXpert
Â·
6h
I built 1K+ followers by ignoring every ""growth hack"" out there. 

Instead: 

â€¢ Replied to worthy comments
â€¢ Shared my mistakes
â€¢ Asked questions I genuinely cared about

The secret isn't chasing numbers.

It's actually caring about people.

What's worked best for you?
45
71
2.1K",,,71,45,0,https://twitter.com/ImpactXpert/status/1949730464484258224,2025-07-28T18:55:02.062301
"Can Vardar
@icanvardar
Â·
2h
new macbook just dropped. whatâ€™s the first thing i should install?
Steve Jobs
43
2
63
4.6K",icanvardar,,63,43,0,https://twitter.com/icanvardar/status/1949780335366926671,2025-07-28T19:00:05.883393
"Build in Public
Samuel Rondot
@samuelrdt
Â·
4h
It feels strange seing yourself on YouTube homepage
19
51
1.7K",,,51,19,0,https://twitter.com/samuelrdt/status/1949749911202763103,2025-07-28T19:01:27.248533
"Build in Public
Hasan C.
@HsanC_
Â·
5h
JUST HIT 1.5K+ FOLLOWERS!! 

It took me 3 months to get here.

Since then:
> Launched my SaaS
> Made $398.86
> Learned a lot on marketing
> Built real connections

Iâ€™m grateful to be a part of this community!
70
5
199
5.5K",,,199,70,0,https://twitter.com/HsanC_/status/1949744279246766392,2025-07-28T19:04:01.032835
"CHIDINMA
@cruisequeeeen
Â·
5h
Whatâ€™s cheaper than therapy ???
346
220
425
162K",cruisequeeeen,,425,346,0,https://twitter.com/cruisequeeeen/status/1949740396394709418,2025-07-28T19:04:47.853107
"Build in Public
Dan.
@TeeDevh
Â·
20h
Revenue over the past 6 months as a solo indie hacker:

Feb:  $105
Mar:  $80
Apr:  $9.8
May: $10
Jun:  $254
Jul:    $590

Last 2 months made more than all previous 4 months combined.

What I learned:
- Show your paid features early
- Build around what people will pay for
- Donâ€™t
Show more
11
4
56
3.4K",,,56,11,0,https://twitter.com/TeeDevh/status/1949509991737512260,2025-07-28T19:07:06.583835
"Build in Public
Tom Han
@tomhan245
Â·
1h
50 days ago, I started building in public:

- 25 followers
- 0 startups
- 0 revenue

Now:

- 875 followers 
- 3 startups (+ building 4th)
- $5 revenue

If you are thinking of starting. Just do it.
You will regret not starting earlier.
30
66
2.4K",,,66,30,0,https://twitter.com/tomhan245/status/1949796989941567985,2025-07-28T19:09:33.960156
"Build in Public
Martin Baun
@MartinBaunIT
Â·
21h
Most people quit right before it compounds...
11
1
22
589",,,22,11,0,https://twitter.com/MartinBaunIT/status/1949507851249942631,2025-07-28T19:15:07.420370
"ğ™°ğ•ªâ„“Î±Î±â˜†
@Aylaastar
Â·
22h
Your first six emoji explains your life right now. 

Shall we ?? 
526
161
601
34K",Aylaastar,,601,526,0,https://twitter.com/Aylaastar/status/1949492546356621528,2025-07-28T19:18:25.215191
"ğŒğšğ­ğ­ ğğ¢ğ§ğ§ğğ«
@Matt_Pinner
Â·
6h
Whatâ€™s yours?
384
29
131
10K",Matt_Pinner,,131,384,0,https://twitter.com/Matt_Pinner/status/1949726768262209650,2025-07-28T19:23:15.846426
"Mr. Mike
@mrmikeMTL
Â·
18h
What's one thing you still love from your childhood?
146
39
113
9.1K",mrmikeMTL,,113,146,0,https://twitter.com/mrmikeMTL/status/1949546712311160941,2025-07-28T19:24:37.206553
"Daniel Aros
@thedanielaros
Â·
2h
Stop comparing your day 1 to someone's day 1000.

Incredibly underrated hack.
23
1
33
470",thedanielaros,,33,23,0,https://twitter.com/thedanielaros/status/1949801265078456366,2025-07-28T19:27:42.045635
"Tokyo
@otokyo__
Â·
19h
99% will fail to tell the answer
570
30
197
10K",otokyo__,,197,570,0,https://twitter.com/otokyo__/status/1949533765312852126,2025-07-28T19:30:12.282917
"Build in Public
Pedro
@pedrobuilds
Â·
Jul 27
guys.

i think i did the impossible. 

broke $100 MRR without buying a domain 
89
10
505
39K",,,505,89,0,https://twitter.com/pedrobuilds/status/1949249336891572324,2025-07-28T19:30:57.777739
"ï¼· ğ—œ ğ—¦ ğ—˜ ğ—– ğ—¢ ğ—¡ ğ—¡ ğ—˜ ğ—– ğ—§ ğ—¢ ğ—¥ â„¢ 
@wiseconnector
Â·
21h
In just THREE words
1.6K
126
515
65K",wiseconnector,,515,0,0,https://twitter.com/wiseconnector/status/1949511058747539706,2025-07-28T19:34:59.784764
"ï¼· ğ—œ ğ—¦ ğ—˜ ğ—– ğ—¢ ğ—¡ ğ—¡ ğ—˜ ğ—– ğ—§ ğ—¢ ğ—¥ â„¢ 
@wiseconnector
Â·
14h
What do you see FIRST
2.1K
158
622
35K",wiseconnector,,622,0,0,https://twitter.com/wiseconnector/status/1949619273539690775,2025-07-28T19:48:48.653897
"CeCe
@cecegkh
Â·
18m
Anybody remember who this was?
50
5
70
1.3K",cecegkh,,70,52,0,https://twitter.com/cecegkh/status/1949832055455416669,2025-07-28T19:50:35.178807
"DisciplineX
@AmbitionFeed
Â·
1h
Lifeâ€™s most valuable lessons come from the hardest experiences.
29
3
34
389",AmbitionFeed,,35,29,0,https://twitter.com/AmbitionFeed/status/1949818306380145140,2025-07-28T19:56:42.594625
"Build in Public
Phillip | Academize 
@PhillyJSmith
Â·
19h
You posted daily.
Engaged nonstop.
Still no audience.

This is where most people stop.
Say itâ€™s saturated.
Blame the algorithm.

Keep posting.
Repetition builds relevance.
37
1
86
2.4K",,,86,37,0,https://twitter.com/PhillyJSmith/status/1949542242701681073,2025-07-28T19:58:28.705122
"Build in Public
Sai Pagidimarri
@SaiPagidimarri
Â·
Jul 26
Hard to write this.
But weâ€™ve decided to shut down Zapreach.

We spent months building, iterating, and obsessing over the tiniest details.
And still - we have to let it go.

This one hurts. A lot.
60
11
178
25K",,,178,60,0,https://twitter.com/SaiPagidimarri/status/1949115299904561537,2025-07-28T20:01:06.109619
"Hitesh Choudhary
@Hiteshdotcom
Â·
11h
Today thought on chai,
Your job cannot be you.
28
32
322
9.3K",Hiteshdotcom,,322,28,0,https://twitter.com/Hiteshdotcom/status/1950243616040882379,2025-07-30T09:47:43.931516
"Software Engineering
Ethum Company
@Ethumgroup
Â·
10h
No brand? Start.

No website? Start.

No credibility?

Start and earn it.
45",,,558,70,0,https://twitter.com/Ethumgroup/status/1950257390416199835,2025-07-30T09:50:58.125968
"Alex Nguyen
@alexcooldev
Â·
12h
When I built my first app,
I didnâ€™t know how to design.
Didnâ€™t know how to code properly.
Didnâ€™t know how to market either.

The UI sucked.
The app crashed randomly.
No one cared.

But I shipped anyway.
I posted every day.
I fixed 1 bug at a time.
I talked to users.
6 months
Show more
22
7
149
6.2K",alexcooldev,,149,22,0,https://twitter.com/alexcooldev/status/1950220188231880739,2025-07-30T09:51:51.021565
"Content Philosopher
@MoZarrinsadaf
Â·
11h
A truly free thinker is a threat to every system.
13
57
324
8.1K",MoZarrinsadaf,,324,13,0,https://twitter.com/MoZarrinsadaf/status/1950233431826452544,2025-07-30T09:54:43.383208
"nizzy
@nizzyabi
Â·
6h
who remembers doge coin?
28
1
59
3.9K",nizzyabi,,59,28,0,https://twitter.com/nizzyabi/status/1950308027472450036,2025-07-30T09:57:36.446105
"Josh tried coding
@joshtriedcoding
Â·
21h
hear me out

zerodotemail for twitter DMs
12
68
5.2K",joshtriedcoding,,68,12,0,https://twitter.com/joshtriedcoding/status/1950086937626235026,2025-07-30T09:58:42.912778
"Dan Kulkov
@DanKulkov
Â·
13h
you are not dumb

you just quit after the first marketing problem
35
1
74
4.1K",DanKulkov,,74,35,0,https://twitter.com/DanKulkov/status/1950207602509684871,2025-07-30T10:01:30.922489
"Paul Mit
@pmitu
Â·
15h
If you can't ship without AI, you're doing something wrong.
23
1
39
2.1K",pmitu,,39,23,0,https://twitter.com/pmitu/status/1950182324559368234,2025-07-30T10:04:17.354451
"Build in Public
Efe Aksoy
@HalilEfeAksoy
Â·
Jul 30
Even though I work 14+ hours every day, at the end of the day I feel like I haven't done enough, that I haven't done my best. 

Do you feel this way too?
23
3
33
2.8K",,,33,23,0,https://twitter.com/HalilEfeAksoy/status/1950510160998265065,2025-08-01T11:03:05.429438
"Software Engineering
Akshat Jain
@akshatjx
Â·
21h
 Hey Developers!
Iâ€™m looking to #connect with:
 JavaScript
 Full Stack Devs
 Freelancers
 Node.js
 Web3 Enthusiasts
 LeetCode Grinders
 UI/UX Designers
Letâ€™s learn, build & grow together.
If this sounds like you, drop a  or hit follow!
#BuildInPublic #React
39
1
64
3.9K",,,64,39,0,https://twitter.com/akshatjx/status/1950827865630806454,2025-08-01T11:09:55.660843
"Saanvi
@Saaannvvii
Â·
Jul 30
ChatGpt this 

ChatGpt that

But does it ever text you first ?
223
30
342
27K",Saaannvvii,,342,223,0,https://twitter.com/Saaannvvii/status/1950517370381893849,2025-08-01T11:17:33.575690
"Build in Public
Isaiah Brees
@BreesIsaiah
Â·
15h
Serious question:

Can you actually write code from scratch without AI anymore?
228
20
187
52K",,,187,228,0,https://twitter.com/BreesIsaiah/status/1950925741127860650,2025-08-01T11:36:36.497746
"Paul Mit
@pmitu
Â·
22h
Not everything needs AI.
159
26
247
14K",pmitu,,247,159,0,https://twitter.com/pmitu/status/1950828796380352674,2025-08-01T11:42:01.002468
"Build in Public
Roy
@itsanirbanroy
Â·
20h
Which one is safer? 
Starting a company? 
Or
9-5 job?
194
10
168
22K",,,168,194,0,https://twitter.com/itsanirbanroy/status/1950861779623637089,2025-08-01T11:44:49.487170
"Purnima Vats
@PurnimaaVats
Â·
15h
I can also draw 
15
59
1K",PurnimaaVats,,59,15,0,https://twitter.com/PurnimaaVats/status/1950929765721927688,2025-08-01T11:45:32.329874
"Build in Public
Soham
@soham_nayak04
Â·
11h
I earned $0 in July.
But I gained:

1400+ new followers on X
8.6M impressions
Met incredible people
Started my own company

Not all wins are financial.
Some are foundational.
25
3
58
2.9K",,,58,25,0,https://twitter.com/soham_nayak04/status/1950989511552643211,2025-08-01T11:48:36.419289
"Surya Pratap Singh
@SuryaDoesIt
Â·
13h
My August plans are <~>
-> Linear Algebra 
-> Calculus 
-> 100 DSA Problems ,practice regularly 
-> Learn to code few ML algorithms from scratch (using numpy )
-> Practice maths questions Regularly and develop deep understanding of mathematical concepts 

Will share results !!!
3
3
101
2.5K",SuryaDoesIt,,101,3,0,https://twitter.com/SuryaDoesIt/status/1950962612273070239,2025-08-01T11:51:37.251386
"Brian
@BreakTheKnown
Â·
1h
Your diet is either fueling your body or feeding your problems.

Every bite is a choice.
28
2
46
264",BreakTheKnown,,46,28,0,https://twitter.com/BreakTheKnown/status/1951146236641251751,2025-08-01T11:54:58.758788
"Saurabh
@TheOvermanEthos
Â·
15h
All you need is a laptop and internet to take over the world.
38
5
76
1.8K",TheOvermanEthos,,76,38,0,https://twitter.com/TheOvermanEthos/status/1950926941697040821,2025-08-01T11:58:03.834880
"Build in Public
Sumya
@sumjitg
Â·
12h
Be honest,

coding is hard or not?
164
8
141
15K",,,141,164,0,https://twitter.com/sumjitg/status/1950974227659550921,2025-08-01T12:08:15.183929
"Build in Public
Tenzin Dhonyoe
@_tenZdhon_
Â·
16h
finish this sentence

gpt-5 will probably _______
208
5
108
24K",,,108,208,0,https://twitter.com/_tenZdhon_/status/1950922737049800742,2025-08-01T12:11:04.350270
"Build in Public
Tom Han
@tomhan245
Â·
20h
51 days ago, I was nobody
38
113
3.8K",,,113,38,0,https://twitter.com/tomhan245/status/1950866977465180360,2025-08-01T12:13:47.590338
"Build in Public
Tushar (leadlee.co)
@TusharKapil003
Â·
21h
My SaaS just hit 900 users
25
3
54
2.1K",,,54,25,0,https://twitter.com/TusharKapil003/status/1950843738819084337,2025-08-01T12:17:14.685770
"Build in Public
Brex
@ImpactXpert
Â·
11h
Hot take: 

The best product feedback comes from users who almost didn't sign up.

What made them hesitate?
28
1
48
1.8K",,,48,28,0,https://twitter.com/ImpactXpert/status/1951006263405433025,2025-08-01T12:20:04.686750
"Software Engineering
Senpai Says
@Senpaisaysbye
Â·
13h
ever deleted code that took days to write?
71
6
78
5.7K",,,78,71,0,https://twitter.com/Senpaisaysbye/status/1950968163849359485,2025-08-01T12:23:01.058961
"Build in Public
Hwan ChinYang
@HwanChinYang
Â·
18h
Shitposting is marketing.
If it gets attention, it works.
Welcome to 2025.
55
7
88
3.6K",,,88,55,0,https://twitter.com/HwanChinYang/status/1950892738876264642,2025-08-01T12:40:49.600493
"Build in Public
Stephen
@stephendotgg
Â·
6h
I'm constantly getting banned from subreddits while marketing. How are you dealing with this?
22
21
1.7K",,,21,22,0,https://twitter.com/stephendotgg/status/1951081022235214015,2025-08-01T12:43:27.370519
"Build in Public
Dmytro Katyukha
@D1mKat
Â·
15h
Did you validate before building?

Or just started and figured it out later?
94
4
68
11K",,,68,94,0,https://twitter.com/D1mKat/status/1950951308657098944,2025-08-01T12:46:11.180088
"Build in Public
Maox
@maoxai_
Â·
14h
July 1st:
- 1,700 followers
- MVP live on App Store
- $0 revenue

July 31st:
- 3,400+ followers
- App V1 stable live on App Store
- 700K views on TikTok
- $130+ revenue

One focused month can change everything. Don't give up.
49
3
190
9.7K",,,190,49,0,https://twitter.com/maoxai_/status/1950966302304018585,2025-08-01T13:06:58.667207
"Brian
@BreakTheKnown
Â·
23h
Believe youâ€™re capable of anything.

Feel entitled to nothing.

Those who live this paradox run the world.
39
12
88
1.7K",BreakTheKnown,,88,39,0,https://twitter.com/BreakTheKnown/status/1950830157683380683,2025-08-01T13:08:13.106021
"Build in Public
shirish
@shiri_shh
Â·
22h
you need $100 MRR in 7 days. 

no ads. 

what's your strategy?
106
12
147
14K",,,147,106,0,https://twitter.com/shiri_shh/status/1950853601242316896,2025-08-01T13:10:57.142789
"Build in Public
Tenzin Dhonyoe
@_tenZdhon_
Â·
Jul 30
whatâ€™s stopping you from being lucky
34
4
29
5.7K",,,29,34,0,https://twitter.com/_tenZdhon_/status/1950548130866356264,2025-08-01T13:30:54.973651
"Build in Public
Shakil
@shakilkamran
Â·
23h
I need 22 out of 500. Wish me luck!
20
46
2.3K",,,46,20,0,https://twitter.com/shakilkamran/status/1950841495629803943,2025-08-01T13:33:32.342803
"Build in Public
Tenzin Dhonyoe
@_tenZdhon_
Â·
Jul 30
which one did you do first

-> Product market fit
-> Market research
-> User interviews
-> Built the MVP
-> Pivot
30
2
25
5.2K",,,25,30,0,https://twitter.com/_tenZdhon_/status/1950579556760301902,2025-08-01T13:36:37.409310
"Build in Public
Marina Cina
@cinamarina
Â·
15h
Learn a sport? â†’ Consistency
Build a product? â†’ Consistency
Grow on X? â†’ Consistency
Change your life? â†’ Consistency

Consistency > Everything
66
24
151
4.4K",,,151,66,0,https://twitter.com/cinamarina/status/1950953864154477039,2025-08-01T13:39:33.581566
"Karl Littleboy
@karllittleboy
Â·
1h
Today's hard is tomorrow's baseline.
11
15
182",karllittleboy,,15,11,0,https://twitter.com/karllittleboy/status/1951176825952178268,2025-08-01T14:09:41.286285
"Build in Public
crafter
@its_me_crafter
Â·
1h
The urge to learn everything
15
4
22
998",,,22,15,0,https://twitter.com/its_me_crafter/status/1951192497499042114,2025-08-01T15:01:00.996787
"Dakota Robertson
@WrongsToWrite
Â·
1h
There is no good story without stakes.

Take more risks.
24
34
990",WrongsToWrite,,34,24,0,https://twitter.com/WrongsToWrite/status/1951199483632455893,2025-08-01T15:07:17.048533
"Build in Public
Isaiah Brees
@BreesIsaiah
Â·
22h
Your account wonâ€™t grow just by scrolling.
Your business wonâ€™t grow if no one knows you.

Want results?

â€¢Comment daily
â€¢Build relationships
â€¢Share what youâ€™re working on

Thatâ€™s where the real momentum starts.
42
1
69
2.1K",,,69,42,0,https://twitter.com/BreesIsaiah/status/1950874469670563973,2025-08-01T15:31:04.890570
"Build in Public
Andrea Mezzadra
@____Mezza____
Â·
23h
11h/day building...

Still feels like I'm behind...

You?
33
2
40
1.8K",,,40,33,0,https://twitter.com/____Mezza____/status/1950876166123921819,2025-08-01T15:51:39.080355
"Build in Public
anuj
@asapanuj
Â·
Jul 30
i just lost â‚¹12,000 on Binance P2P this evening.
paid for USDT, but the seller never released it.
shared fake â€œreleasedâ€ screenshots.

no funds. no help. no closure.

if you're using P2P, double check everything.
 crypto is powerful, but trust is fragile.
28
5
28
4.9K",,,28,28,0,https://twitter.com/asapanuj/status/1950588450601832573,2025-08-01T16:03:27.810617
"Umer Arshad
@UmerArshad01
Â·
6h
What do you love most about your job?
38
34
306",UmerArshad01,,34,38,0,https://twitter.com/UmerArshad01/status/1951142069159735672,2025-08-01T16:30:11.276811
